Title: ,МегаМен: Повний заряд

Season:,Сезон 1
Episode Title,URL
"Серія 1","https://megogo.net/ua/view/10414892-megamen-povniy-zaryad-seriya-1.html"
"Серія 2","https://megogo.net/ua/view/10414902-megamen-povniy-zaryad-seriya-2.html"
"Серія 3","https://megogo.net/ua/view/10414912-megamen-povniy-zaryad-seriya-3.html"
"Серія 4","https://megogo.net/ua/view/10414922-megamen-povniy-zaryad-seriya-4.html"
"Серія 5","https://megogo.net/ua/view/10414932-megamen-povniy-zaryad-seriya-5.html"
"Серія 6","https://megogo.net/ua/view/10414942-megamen-povniy-zaryad-seriya-6.html"
"Серія 7","https://megogo.net/ua/view/10414952-megamen-povniy-zaryad-seriya-7.html"
"Серія 8","https://megogo.net/ua/view/10414962-megamen-povniy-zaryad-seriya-8.html"
"Серія 9","https://megogo.net/ua/view/10414972-megamen-povniy-zaryad-seriya-9.html"
"Серія 10","https://megogo.net/ua/view/10414982-megamen-povniy-zaryad-seriya-10.html"
"Серія 11","https://megogo.net/ua/view/10414992-megamen-povniy-zaryad-seriya-11.html"
"Серія 12","https://megogo.net/ua/view/10415002-megamen-povniy-zaryad-seriya-12.html"
"Серія 13","https://megogo.net/ua/view/10415012-megamen-povniy-zaryad-seriya-13.html"
"Серія 14","https://megogo.net/ua/view/10415022-megamen-povniy-zaryad-seriya-14.html"
"Серія 15","https://megogo.net/ua/view/10415032-megamen-povniy-zaryad-seriya-15.html"
"Серія 16","https://megogo.net/ua/view/10415042-megamen-povniy-zaryad-seriya-16.html"
"Серія 17","https://megogo.net/ua/view/10415052-megamen-povniy-zaryad-seriya-17.html"
"Серія 18","https://megogo.net/ua/view/10415062-megamen-povniy-zaryad-seriya-18.html"
"Серія 19","https://megogo.net/ua/view/10415072-megamen-povniy-zaryad-seriya-19.html"
"Серія 20","https://megogo.net/ua/view/10415082-megamen-povniy-zaryad-seriya-20.html"
"Серія 21","https://megogo.net/ua/view/10415092-megamen-povniy-zaryad-seriya-21.html"
"Серія 22","https://megogo.net/ua/view/10415102-megamen-povniy-zaryad-seriya-22.html"
"Серія 23","https://megogo.net/ua/view/10415112-megamen-povniy-zaryad-seriya-23.html"
"Серія 24","https://megogo.net/ua/view/10415122-megamen-povniy-zaryad-seriya-24.html"
"Серія 25","https://megogo.net/ua/view/10415132-megamen-povniy-zaryad-seriya-25.html"
"Серія 26","https://megogo.net/ua/view/10415142-megamen-povniy-zaryad-seriya-26.html"
"Серія 27","https://megogo.net/ua/view/10415152-megamen-povniy-zaryad-seriya-27.html"
"Серія 28","https://megogo.net/ua/view/10415162-megamen-povniy-zaryad-seriya-28.html"
"Серія 29","https://megogo.net/ua/view/10415172-megamen-povniy-zaryad-seriya-29.html"
"Серія 30","https://megogo.net/ua/view/10415182-megamen-povniy-zaryad-seriya-30.html"
"Серія 31","https://megogo.net/ua/view/10415192-megamen-povniy-zaryad-seriya-31.html"
"Серія 32","https://megogo.net/ua/view/10415202-megamen-povniy-zaryad-seriya-32.html"
"Серія 33","https://megogo.net/ua/view/10415212-megamen-povniy-zaryad-seriya-33.html"
"Серія 34","https://megogo.net/ua/view/10415222-megamen-povniy-zaryad-seriya-34.html"
"Серія 35","https://megogo.net/ua/view/10415232-megamen-povniy-zaryad-seriya-35.html"
"Серія 36","https://megogo.net/ua/view/10415242-megamen-povniy-zaryad-seriya-36.html"
"Серія 37","https://megogo.net/ua/view/10415252-megamen-povniy-zaryad-seriya-37.html"
"Серія 38","https://megogo.net/ua/view/10415262-megamen-povniy-zaryad-seriya-38.html"
"Серія 39","https://megogo.net/ua/view/10415272-megamen-povniy-zaryad-seriya-39.html"
"Серія 40","https://megogo.net/ua/view/10415282-megamen-povniy-zaryad-seriya-40.html"
"Серія 41","https://megogo.net/ua/view/10415292-megamen-povniy-zaryad-seriya-41.html"
"Серія 42","https://megogo.net/ua/view/10415302-megamen-povniy-zaryad-seriya-42.html"
"Серія 43","https://megogo.net/ua/view/10415312-megamen-povniy-zaryad-seriya-43.html"
"Серія 44","https://megogo.net/ua/view/10415322-megamen-povniy-zaryad-seriya-44.html"
"Серія 45","https://megogo.net/ua/view/10415332-megamen-povniy-zaryad-seriya-45.html"
"Серія 46","https://megogo.net/ua/view/10415342-megamen-povniy-zaryad-seriya-46.html"
"Серія 47","https://megogo.net/ua/view/10415352-megamen-povniy-zaryad-seriya-47.html"
"Серія 48","https://megogo.net/ua/view/10415362-megamen-povniy-zaryad-seriya-48.html"
"Серія 49","https://megogo.net/ua/view/10415372-megamen-povniy-zaryad-seriya-49.html"
"Серія 50","https://megogo.net/ua/view/10415382-megamen-povniy-zaryad-seriya-50.html"
"Серія 51","https://megogo.net/ua/view/10415392-megamen-povniy-zaryad-seriya-51.html"
"Серія 52","https://megogo.net/ua/view/10415402-megamen-povniy-zaryad-seriya-52.html"
